Markables;Sender;Addressee;other Ps;Turn transcription;FS text;Task;autoFeedback;alloFeedback;turnManagement;timeManagement;ownCommunicationManagement;partnerCommunicationManagement;discourseStructuring;socialObligationsManagement;Comments;
sw02-0224-fs1;A;B;;Okay. /;Okay;;;;;;;;da1: opening;;;
sw02-0224-fs2;B;A;;All right.  /;All right  ;;da2: autoPositive (Fe: da1);;;;;;;;;
sw02-0224-fs3;B;A;;{F Uh, } do you have any friends that have children? /;Uh,;;;;da3: turnKeep;da4: stalling;;;;;;
sw02-0224-fs4;B;A;;;do you have any friends that have children;da5: propositionalQuestion;;;;;;;;;;
sw02-0224-fs5;A;B;;I do have friends that have children,  /;I do have friends that have children;da6: answer (Fu: da5);;;;;;;;;;
sw02-0224-fs6;A;B;;yes. /;yes ;da7: answer (Fu: da5);;;;;;;;;;
sw02-0224-fs7;B;A;;{C And } what do they say about finding adequate child care? /;And what do they say about finding adequate child care? ;da8: setQuestion;;;;;;;;;;
sw02-0224-fs8;B;A;;I think that may be the key word. /;I think that may be the key word ;da9: inform {Cause:Reason da8};;;;;;;;;;
sw02-0224-fs9;A;B;;I think that's correct.  /;I think that's correct  ;da10: agreement (Fu: da9);;;;;;;;;;
sw02-0224-fs10;A;B;;They're, {F uh, } relatively nonexistent [ from, + {F uh, } from ]  what I hear from my friends.  /;They're, relatively nonexistent from what I hear from my friends;da11: inform;;;;;;;;;;
sw02-0224-fs11;A;B;;;uh;;;;;da12: stalling;;;;;;
sw02-0224-fs12;A;B;;;from uh from;;;;;da13: stalling;;;;;;
sw02-0224-fs13;A;B;;It seems like, {F uh, } even when they have consulted day care centers that are reputable, that are sort of like a chain, if I can use that word --;It seems like even when they have consulted day care centers that are reputable, that are sort of like a chain, if I can use that word, still you have to deal with the people that, happen to be operating it locally ;da14: inform {Elab:Specific da11};;;;;;;;;;
sw02-0224-fs14;A;B;;;uh;;;;;da15: stalling;;;;;;
sw02-0224-fs15;B;A;;Right. /;Right ;;da16: autoPositive (Fe: da14);;;;;;;;;
sw02-0224-fs16;A;B;; -- {F uh, } still you have to deal with the people that, {D you know, } happen to be operating it locally  /;uh;;;;;da17: stalling;;;;;;
sw02-0224-fs17;A;B;;;you know;;;;;da18: stalling;;;;;;
sw02-0224-fs18;A;B;;{C and, }  {F uh, } it's just a matter [ of, + of ] trust, {D you know, }  /;and;;;;da19: turnKeep;;;;;;;
sw02-0224-fs19;A;B;;;uh;;;;;da20: stalling;;;;;;
sw02-0224-fs20;A;B;;;it's just a matter of trust, you know;da21: inform;;;;;;;;;;
sw02-0224-fs21;A;B;;;of, of;;;;;da22: stalling;;;;;;
sw02-0224-fs22;A;B;;I think they feel that these people are, {F um, } under qualified basically and  underpaid,  /;I think they feel that these people are under qualified basically and  underpaid, ;da23: inform;;;;;;;;;;
sw02-0224-fs23;A;B;;;um;;;;;da24: stalling;;;;;;
sw02-0224-fs24;A;B;;{C and } I think that sort of goes hand in hand  /;and;;;;da25: turnKeep;;;;;;;
sw02-0224-fs25;A;B;;;I think that sort of goes hand in hand ;da26: inform {Expand:Expander da23};;;;;;;;;;
sw02-0224-fs26;A;B;;{C so } [ it's, + it's ] difficult for them. /;it's, it's;;;;;da27: stalling;;;;;;
sw02-0224-fs27;A;B;;;so it's difficult for them;da28: inform;;;;;;;;;;
sw02-0224-fs28;B;A;;{D Well, } we certainly found that to be true. /;Well;;;;da29: turnTake;;;;;;;
sw02-0224-fs29;B;A;;;we certainly found that to be true ;da30: agreement (Fu: da28);;;;;;;;;;
sw02-0224-fs30;A;B;;Huh-uh. /;Huh-uh ;;da31: autoPositive (Fe: da30);;;;;;;;;
sw02-0224-fs31;B;A;;{F Uh, } indeed we've, - /;Uh;;;;;da32: stalling;;;;;;
sw02-0224-fs32;B;A;;;indeed we've, - ;;;;;;da33: retraction;;;;;
sw02-0224-fs33;B;A;;our children are now eleven and nine. /;our children are now eleven and nine ;da34: inform;;;;;;;;;;
sw02-0224-fs34;A;B;;Huh-uh. /;Huh-uh ;;da35: autoPositive (Fe: da34);;;;;;;;;
sw02-0224-fs35;B;A;;{C And } we moved away from institutionalized child care --;And;;;;da36: turnKeep;;;;;;;
sw02-0224-fs36;B;A;;;we moved away from institutionalized child care --;da37: inform;;;;;;;;;;
sw02-0224-fs37;A;B;;Huh-uh. /;Huh-uh ;;da38: autoPositive (Fe: da37);;;;;;;;;
sw02-0224-fs38;B;A;; -- if we can call those chain kind of things;if we can call those chain kind of things, like that Uh, by that name;;;;;;da39: Inform;;;;;
sw02-0224-fs39;A;B;;Right. /;Right ;;da40: autoPositive (Fe: da39);;;;;;;;;
sw02-0224-fs40;B;A;;like that.  {F Uh, } by that name.;uh;;;;;da41: stalling;;;;;;
sw02-0224-fs41;B;A;;;like that, by that name;;;;;;da42: selfCorrection;;;;;
sw02-0224-fs42;A;B;;Right. /;Right ;;da43: autoPositive (Fe: da42);;;;;;;;;
sw02-0224-fs43;B;A;;And found that, {F uh, } more creative avenues were the right answer for us. /;And found that more creative avenues were the right answer for us;da44: inform {Expand:Expander da37};;;;;;;;;;
sw02-0224-fs44;B;A;;;uh;;;;;da45: stalling;;;;;;
sw02-0224-fs45;A;B;;Huh-uh.  /;Huh-uh  ;;da46: autoPositive (Fe: da44);;;;;;;;;
sw02-0224-fs46;A;B;;Huh-uh. /;Huh-uh ;;da47: autoPositive (Fe: da44);;;;;;;;;
sw02-0224-fs47;B;A;;{F Uh, } at one point in time we've had au pairs,;Uh;;;;;da48: stalling;;;;;;
sw02-0224-fs48;B;A;;;at one point in time we've had au pairs,;da49: inform;;;;;;;;;;
sw02-0224-fs49;A;B;;Huh-uh. /;Huh-uh ;;da50: autoPositive (Fe: da49);;;;;;;;;
sw02-0224-fs50;B;A;;by trading services with them, /;by trading services with them, ;da51: inform {Manner:Means da49};;;;;;;;;;
sw02-0224-fs51;A;B;; # Huh-uh.  # /;Huh-uh   ;;da52: autoPositive (Fe: da51);;;;;;;;;
sw02-0224-fs52;B;A;;# {C and } # that worked for a while,  /;and;;;;da53: turnKeep;;;;;;;
sw02-0224-fs53;B;A;;;that worked for a while,  ;da54: inform {Expand:Expander da49};;;;;;;;;;
sw02-0224-fs54;B;A;;{C but } [ they were really, + adequate ones were really  ] tough to find. /;but adequate ones were really tough to find;da55: inform {Contrast:Arg2 da54};;;;;;;;;;
sw02-0224-fs55;B;A;;;they were really, adequate ones were really;;;;;;da56: selfCorrection;;;;;
sw02-0224-fs56;A;B;;I'm sure that's true. /;I'm sure that's true ;da57: Agreement (Fu: da55);;;;;;;;;;
sw02-0224-fs57;B;A;;It takes that mixture of a very mature college student,;It takes that mixture of a very mature college student, who wants to do something and yet is willing to give the time, and the interest to the children;da58: inform {Cause:Reason da55};;;;;;;;;;
sw02-0224-fs58;A;B;;# Huh-uh.  # /;Huh-uh   ;;da59: autoPositive (Fe: da58);;;;;;;;;
sw02-0224-fs59;A;B;;Right. /;Right ;;da60: autoPositive (Fe: da58);;;;;;;;;
sw02-0224-fs60;A;B;;Right.  /;Right  ;;da61: autoPositive (Fe: da58);;;;;;;;;
sw02-0224-fs61;A;B;;I do have a friend that, {F uh, } {F uh, } - /;I do have a friend, she and her roommate became live-in care givers;da62: inform {Exemp:Expander da58};;;;;;;;;;
sw02-0224-fs62;A;B;;;uh uh;;;;;da63: stalling;;;;;;
sw02-0224-fs63;A;B;;;that, -;;;;;;da64: retraction;;;;;
sw02-0224-fs64;A;B;;she and her roommate became live-in care givers  /;she and her roommate became live-in care givers  ;da65: inform;;;;;;;;;;
sw02-0224-fs65;A;B;;{C and } they loved it.  /;and;;;;da66: turnKeep;;;;;;;
sw02-0224-fs66;A;B;;;they loved it;da67: inform {Expand:Expander da65};;;;;;;;;;
sw02-0224-fs67;A;B;;They had stayed with this family from the time these children were small, {D you know, } four or five years old, up until they were well into grade school.  /;They had stayed with this family from the time these children were small four or five years old, up until they were well into grade school;da68: inform {Elab:Specific da65};;;;;;;;;;
sw02-0224-fs68;A;B;;;you know;;;;;da69: stalling;;;;;;
sw02-0224-fs69;A;B;;{C And, }  {F uh, } she was paid very well because [ they, + ] the parents trusted them  /;And;;;;da70: turnKeep;;;;;;;
sw02-0224-fs70;A;B;;;uh;;;;;da71: stalling;;;;;;
sw02-0224-fs71;A;B;;;she was paid very well because the parents trusted them;da72: inform {Expand:Expander da65};;;;;;;;;;
sw02-0224-fs72;A;B;;;they, the parents;;;;;;da73: selfCorrection;;;;;
sw02-0224-fs73;A;B;;{C and } they, {D you know, } had done such a good job.  /;and;;;;da74: turnKeep;;;;;;;
sw02-0224-fs74;A;B;;;they had done such a good job ;da75: inform;;;;;;;;;;
sw02-0224-fs75;A;B;;;you know;;;;;da76: stalling;;;;;;
sw02-0224-fs76;A;B;;{C So, }  {F um, } I can see where someone, {D you know, } in a position like that, in a live-in capacity, would definitely be the way to go if [ you're, + you're ] lucky enough to have the financial  ((   ))  to be able to do that. /;So I can see where someone, in a position like that, in a live-in capacity, would definitely be the way to go if you're lucky enough to have the financial  to be able to do that ;da77: inform;;;;;;;;;;
sw02-0224-fs77;A;B;;;um;;;;;da78: stalling;;;;;;
sw02-0224-fs78;A;B;;;you know;;;;;da79: stalling;;;;;;
sw02-0224-fs79;A;B;;;you're, you're;;;;;da80: stalling;;;;;;
sw02-0224-fs80;B;A;;{D Well, } that's true, /;Well;;;;da81: turnTake;;;;;;;
sw02-0224-fs81;B;A;;;that's true, ;da82: Agreement (Fu: da77);;;;;;;;;;
sw02-0224-fs82;A;B;;# Yeah.  # /; Yeah   ;;da83: autoPositive (Fe: da82);;;;;;;;;
sw02-0224-fs83;B;A;;# {C and } # that's something that we're struggling with now. /;and  that's something that we're struggling with now ;da84: inform;;;;;;;;;;
sw02-0224-fs84;A;B;;Yeah.  /;Yeah  ;;da85: autoPositive (Fe: da84);;;;;;;;;
sw02-0224-fs85;A;B;;I think it's just a matter of priorities.  /;I think it's just a matter of priorities  ;da86: inform;;;;;;;;;;
sw02-0224-fs86;A;B;;[ It's, + {F uh, } {D you know, } it's ] a terrible thing to say when your speaking of children in that way,  /;it's a terrible thing to say when you're speaking of children in that way;da87: inform;;;;;;;;;;
sw02-0224-fs87;A;B;;;It's uh you know it's;;;;;da88: stalling;;;;;;
sw02-0224-fs88;A;B;;{C but } you still have to be realistic, as well, I think. /; but  you still have to be realistic, as well, I think ;da89: inform {Contrast:Arg2 da87};;;;;;;;;;
sw02-0224-fs89;B;A;;{F Oh, } yeah. /;Oh;;;;da90: turnTake;da91: stalling;;;;;;
sw02-0224-fs90;B;A;;;yeah;da92: agreement (Fu: da89);;;;;;;;;;
sw02-0224-fs91;A;B;;Yeah. /;Yeah ;;da93: autoPositive (Fe: da92);;;;;;;;;
sw02-0224-fs92;A;B;;Yeah. /;Yeah ;;da94: autoPositive (Fe: da92);;;;;;;;;
sw02-0224-fs93;B;A;;Much as other cultures disagree, our lives don't revolve around our children. /;Much as other cultures disagree, our lives don't revolve around our children ;da95: inform;;;;;;;;;;
sw02-0224-fs94;A;B;;Yeah.  /;Yeah  ;;da96: autoPositive (Fe: da95);;;;;;;;;
sw02-0224-fs95;A;B;;Yeah.  /;Yeah  ;;da97: autoPositive (Fe: da95);;;;;;;;;
sw02-0224-fs96;A;B;;{C And } [ [ that's, + that's, ] + that's ] bad to have to admit, too,  /;And;;;;da98: turnKeep;;;;;;;
sw02-0224-fs97;A;B;;;that's bad to have to admit, too, ;da99: inform;;;;;;;;;;
sw02-0224-fs98;A;B;;;that's, that's, that's;;;;;da100: stalling;;;;;;
sw02-0224-fs99;A;B;;{C but, } {F uh, } {D you know, } it's just, there's so much pressure when you're talking about two people that work outside the home  /;but it's just, there's so much pressure when you're talking about two people that work outside the home ;da101: inform {Cause:Reason da99};;;;;;;;;;
sw02-0224-fs100;A;B;;;uh, you know;;;;;da102: stalling;;;;;;
sw02-0224-fs101;A;B;;[ {C and, } +  {C and } ] I think that is one reason why I continue to be without children.  /;and, and;;;;;da103: stalling;;;;;;
sw02-0224-fs102;A;B;;;I think that is one reason why I continue to be without children ;da104: inform {Cause:Reason da101};;;;;;;;;;
sw02-0224-fs103;A;B;;I, - /;I, - ;;;;;;da105: retraction;;;;;
sw02-0224-fs104;A;B;;it's just such a responsibility [ {C and, } +  {C and } ] when I've had friends that have said, - /;it's just such a responsibility;da106: inform;;;;;;;;;;
sw02-0224-fs105;A;B;;;and, and;;;;;da107: stalling;;;;;;
sw02-0224-fs106;A;B;;;when I've had friends that have said - when you hear people say;;;;;;da108: selfCorrection;;;;;
sw02-0224-fs107;A;B;;when you hear people say, [ it, + it ] alters your life forever, please take heed <laughter>, {D well, }  /;when you hear people say, it alters your life forever, please take heed <laughter>;da109: inform;;;;;;;;;;
sw02-0224-fs108;A;B;;;it, it;;;;;da110: stalling;;;;;;
sw02-0224-fs109;A;B;;I realize that's true  /;Well, I realize that's true  ;da111: inform;;;;;;;;;;
sw02-0224-fs110;A;B;;{C so } it's, {F uh, } such a responsibility. /;so, it's such a responsibility ;da112: inform;;;;;;;;;;
sw02-0224-fs111;A;B;;;uh;;;;;da113: stalling;;;;;;
sw02-0224-fs112;B;A;;{D Well, } it certainly is.  {F Uh, }  /;Well;;;;da114: turnTake;;;;;;;
sw02-0224-fs113;B;A;;;it certainly is;da115: agreement (Fu: da112);;;;;;;;;;
sw02-0224-fs114;B;A;;;Uh;;;;;da116: stalling;;;;;;
sw02-0224-fs115;B;A;;if I can  ((   ))  the other side of the coin for a moment. /;if I can  ((   ))  the other side of the coin for a moment ;da117: request;;;;;;;;;;
sw02-0224-fs116;A;B;;Huh-uh. /;Huh-uh ;;da118: autoPositive (Fe: da117);;;;;;;;;
sw02-0224-fs117;B;A;;It is such an honor and a thrill,;It is such an honor and a thrill, to be a parent, that most of the time, it's worth it;da119: inform;;;;;;;;;;
sw02-0224-fs118;A;B;;# {F Oh, } yeah.  # /;Oh;;;;;da120: stalling;;;;;;
sw02-0224-fs119;A;B;;;yeah;;da121: autoPositive (Fe: da119);;;;;;;;;
sw02-0224-fs120;A;B;;# Huh-uh.  # /; Huh-uh   ;;da122: autoPositive (Fe: da119);;;;;;;;;
sw02-0224-fs121;A;B;;Yeah <laughter>.  /;Yeah <laughter>  ;;da123: autoPositive (Fe: da119);;;;;;;;;
sw02-0224-fs122;A;B;;Most of the time <laughter>. /;Most of the time <laughter> ;da124: agreement (Fe: da119);;;;;;;;;;
sw02-0224-fs123;B;A;;{D Well, } I just have to be honest about it.  /;Well;;;;da125: turnTake;;;;;;;
sw02-0224-fs124;B;A;;;I just have to be honest about it  ;da126: inform;;;;;;;;;;
sw02-0224-fs125;B;A;;It's not always,;It's not always worth it;da127: inform;;;;;;;;;;
sw02-0224-fs126;A;B;;# Yeah.  /;Yeah  ;;da128: autoPositive (Fe: da127);;;;;;;;;
sw02-0224-fs127;A;B;;{F Oh, } sure. # /;Oh;;;;;da129: stalling;;;;;;
sw02-0224-fs128;A;B;;;sure;;da130: autoPositive (Fe: da127);;;;;;;;;
sw02-0224-fs129;A;B;;Sure.  /;Sure  ;;da131: autoPositive (Fe: da127);;;;;;;;;
sw02-0224-fs130;A;B;;Sure.  /;Sure  ;;da132: autoPositive (Fe: da127);;;;;;;;;
sw02-0224-fs131;A;B;;Sure. /;Sure ;;da133: autoPositive (Fe: da127);;;;;;;;;
sw02-0224-fs132;B;A;;There are those times when I think, {D gee, } if I didn't have children I could be out playing  (( bridge ))  or golf. /;There are those times when I think, gee,  if I didn't have children I could be out playing  (( bridge ))  or golf ;da134: inform;;;;;;;;;;
sw02-0224-fs133;A;B;;Right.  /;Right  ;;da135: autoPositive (Fe: da134);;da136: turnTake;;;;;;;
sw02-0224-fs134;A;B;;Right.  /;Right  ;;da137: autoPositive (Fe: da134);;;;;;;;;
sw02-0224-fs135;A;B;;Right.  /;Right  ;;da138: autoPositive (Fe: da134);;;;;;;;;
sw02-0224-fs136;A;B;;Right.  /;Right  ;;da139: autoPositive (Fe: da134);;;;;;;;;
sw02-0224-fs137;A;B;;{C But, } {D you know, } it's funny.  /;but;;;;da140: turnKeep;;;;;;;
sw02-0224-fs138;A;B;;;it's funny;da141: inform;;;;;;;;;;
sw02-0224-fs139;A;B;;;you know;;;;;da142: stalling;;;;;;
sw02-0224-fs140;A;B;;[ I did, + I had ] a friend that  said, {D you know, } before we always said we don't want children because we can't go off on the spur of the moment or this or that and the other  /;I did, I had;;;;;;da143: selfCorrection;;;;;
sw02-0224-fs141;A;B;;;you know;;;;;da144: stalling;;;;;;
sw02-0224-fs142;A;B;;;I had a friend that said, before we always said we don't want children because we can't go off on the spur of the moment or this or that and the other ;da145: inform;;;;;;;;;;
sw02-0224-fs143;A;B;;{C and } she got older  /;and;;;;da146: turnKeep;;;;;;;
sw02-0224-fs144;A;B;;;she got older ;da147: inform;;;;;;;;;;
sw02-0224-fs145;A;B;;{C and } she said, {C but } {D you know, } we never do those things anyway.  /;and;;;;da148: turnKeep;;;;;;;
sw02-0224-fs146;A;B;;;she said, we never do those things anyway ;da149: inform {Concession:Expander da145};;;;;;;;;;
sw02-0224-fs147;A;B;;;but, you know;;;;;da150: stalling;;;;;;
sw02-0224-fs148;A;B;;{C So } [ why + <laughter>, why ] am I waiting, {D you know, }  /;So;;;;da151: turnKeep;;;;;;;
sw02-0224-fs149;A;B;;;why <laughter> why ;;;;;da152: stalling;;;;;;
sw02-0224-fs150;A;B;;;you know;;;;;da153: stalling;;;;;;
sw02-0224-fs151;A;B;;;why am I waiting;da154: inform;;;;;;;;;;
sw02-0224-fs152;A;B;;[ it's, + it's ] just the way your attitude changes  /;It's its;;;;;da155: stalling;;;;;;
sw02-0224-fs153;A;B;;;It's just the way your attitude changes ;da156: inform;;;;;;;;;;
sw02-0224-fs154;A;B;;{C and } you mature I suppose.  /;and;;;;da157: turnKeep;;;;;;;
sw02-0224-fs155;A;B;;;you mature I suppose ;da158: inform {Restatement:Arg2 da156};;;;;;;;;;
sw02-0224-fs156;A;B;;{C But } the thing about the child care [ I, + {D you know, } I ] have friends that struggle financially [ {C and, } + {C and } ] they both do have to work.  /;But the thing about the child care I have friends that struggle financially and they both do have to work ;da159: inform;;;;;;;;;;
sw02-0224-fs157;A;B;;;I, you know, I;;;;;da160: stalling;;;;;;
sw02-0224-fs158;A;B;;;and and;;;;;da161: stalling;;;;;;
sw02-0224-fs159;A;B;;It's a matter not necessarily, {F uh, } that she might want to stay home or he, as well,  /;It's a matter not necessarily that she might want to stay home or he, as well, ;da162: inform;;;;;;;;;;
sw02-0224-fs160;A;B;;;uh;;;;;da163: stalling;;;;;;
sw02-0224-fs161;A;B;;{C but, } {D you know, } they need the money.  /; but, you know,  they need the money  ;da164: inform;;;;;;;;;;
sw02-0224-fs162;A;B;;{C And, }  {F uh, } when I seen some of my friends that  have taken that six week old baby, {D you know, } to someone else, it's just, I can imagine how emotional  it must be. [ [ And, + and, ] + ] {D you know, } multiplied by the fact that you don't really trust the person  or you're uncomfortable with the situation, as far as child care, {F um, }  /;And when I seen some of my friends that have taken that six week old baby you know, to someone else, it's just, I can imagine how emotional  it must be and multiplied by the fact that you don't really trust the person  or you're uncomfortable with the situation, as far as child care,;da165: inform;;;;;;;;;;
sw02-0224-fs163;A;B;;;uh;;;;;da166: stalling;;;;;;
sw02-0224-fs164;A;B;;;and and you know;;;;;da167: stalling;;;;;;
sw02-0224-fs165;A;B;;;um;;;;;da168: stalling;;;;;;
sw02-0224-fs166;A;B;;it's just a scary thing. /;it's just a scary thing ;da169: inform;;;;;;;;;;
sw02-0224-fs167;B;A;;{D Well, } we were lucky when our children were that age,  /;Well;;;;da170: turnTake;;;;;;;
sw02-0224-fs168;B;A;;;we were lucky when our children were that age, ;da171: inform;;;;;;;;;;
sw02-0224-fs169;B;A;;{C and } having lived in a community for a while [ and + ] we knew the person to whom we were entrusting our children. /;and;;;;da172: turnKeep;;;;;;;
sw02-0224-fs170;B;A;;;having lived in a community for a while we knew the person to whom we were entrusting our children;da173: inform;;;;;;;;;;
sw02-0224-fs171;B;A;;;and;;;;;;da174: selfCorrection;;;;;
sw02-0224-fs172;A;B;;Huh-uh.  /;Huh-uh  ;;da175: autoPositive (Fe: da173);;;;;;;;;
sw02-0224-fs173;A;B;;That's a big plus. /;That's a big plus;;da176: autoPositive (Fe: da173);;;;;;;;;
sw02-0224-fs174;B;A;;{C And } felt [ that, + that],;And felt that feeling of safety;da177: inform;;;;;;;;;;
sw02-0224-fs175;B;A;;;that that;;;;;da178: stalling;;;;;;
sw02-0224-fs176;A;B;;# Right.  # /; Right   ;;da179: autoPositive (Fe: da176);;;;;;;;;
sw02-0224-fs177;A;B;;Right. /;Right ;;da180: autoPositive (Fe: da177);;;;;;;;;
sw02-0224-fs178;B;A;;{C And } were leaving them  ((   ))  small children. /;And;;;;da181: turnKeep;;;;;;;
sw02-0224-fs179;B;A;;;were leaving them  ((   ))  small children;da182: inform;;;;;;;;;;
sw02-0224-fs180;A;B;;Huh-uh. /;Huh-uh ;;da183: autoPositive (Fe: da182);;;;;;;;;
sw02-0224-fs181;B;A;;{C But, }  we also learned something from that experience as our children got older. /;But;;;;da184: turnKeep;;;;;;;
sw02-0224-fs182;B;A;;;we also learned something from that experience as our children got older ;da185: inform;;;;;;;;;;
sw02-0224-fs183;A;B;;Yeah. /;Yeah ;;da186: autoPositive (Fe: da185);;;;;;;;;
sw02-0224-fs184;B;A;;It's that care givers are not omniscient -- /;It's that care givers are not omniscient -- ;da187: inform {Elab:Specific da185};;;;;;;;;;
sw02-0224-fs185;A;B;;Huh-uh. /;Huh-uh ;;da188: autoPositive (Fe: da187);;;;;;;;;
sw02-0224-fs186;B;A;; -- they are not all things to all people --; -- they are not all things to all people --;da189: inform {Elab:Specific da185};;;;;;;;;;
sw02-0224-fs187;A;B;;Right. /;Right ;;da190: autoPositive (Fe: da189);;;;;;;;;
sw02-0224-fs188;B;A;; -- or all children. /; -- or all children ;da191: inform {Elab:Specific da185};;;;;;;;;;
sw02-0224-fs189;A;B;;Right.  /;Right  ;;da192: autoPositive (Fe: da191);;;;;;;;;
sw02-0224-fs190;A;B;;Right.  /;Right  ;;da193: autoPositive (Fe: da191);;;;;;;;;
sw02-0224-fs191;A;B;;Yeah. /;Yeah ;;da194: autoPositive (Fe: da191);;;;;;;;;
sw02-0224-fs192;B;A;;The ones that are good with babies tend not to be good with toddlers. /;The ones that are good with babies tend not to be good with toddlers ;da195: inform {Elab:Specific da185};;;;;;;;;;
sw02-0224-fs193;A;B;;Huh-uh. /;Huh-uh ;;da196: autoPositive (Fe: da195);;;;;;;;;
sw02-0224-fs194;A;B;;Huh-uh.  /;Huh-uh  ;;da197: autoPositive (Fe: da195);;;;;;;;;
sw02-0224-fs195;A;B;;I don't know,  /;I don't know,  ;;;;;da198: stalling;;;;;;
sw02-0224-fs196;A;B;;I think your patience level [ must, +  needs to ] increase as the child gets older <laughter>.  /;I think your patience level needs to increase as the child gets older <laughter>;da199: inform [uncertain];;;;;;;;;;
sw02-0224-fs197;A;B;;;must, needs to;;;;;;da200: selfCorrection {Cause:Reason da195};;;;;
sw02-0224-fs198;A;B;;I think that might be part of the problem with some people.  {D You know, }  /;I think that might be part of the problem with some people You know,   ;da201: inform [uncertain];;;;;;;;;;
sw02-0224-fs199;A;B;;taking care of a baby, I know, is not an easy thing,  /;taking care of a baby, I know, is not an easy thing,  ;da202: inform;;;;;;;;;;
sw02-0224-fs200;A;B;;{C but } when you have them in, [ their, + their ] little feet are moving  /;but when you have them in, their little feet are moving ;da203: inform {Contrast:arg1 da204,da207,da208};;;;;;;;;;
sw02-0224-fs201;A;B;;;their, their;;;;;da204: stalling;;;;;;
sw02-0224-fs202;A;B;;{C and } you have to chase them down constantly.  /;and;;;;da205: turnKeep;;;;;;;
sw02-0224-fs203;A;B;;;you have to chase them down constantly ;da206: inform;;;;;;;;;;
sw02-0224-fs204;A;B;;I'm sure that's a whole new ball game. /;I'm sure that's a whole new ball game ;da207: inform;;;;;;;;;;
sw02-0224-fs205;B;A;;{F Oh, } yeah. /;Oh;;;;;da208: stalling;;;;;;
sw02-0224-fs206;B;A;;;yeah;;da209: autoPositive (Fe: da208);;;;;;;;;
sw02-0224-fs207;B;A;;Yeah,  /;Yeah,  ;;da210: autoPositive (Fe: da208);;;;;;;;;
sw02-0224-fs208;B;A;;I have a nine year old that I would trade happily for a baby. /;I have a nine year old that I would trade happily for a baby;da211: inform;;;;;;;;;;
sw02-0224-fs209;A;B;;<Laughter>  {F Oh, } really.  /;<Laughter> Oh,  really  ;;da212: autoPositive (Fe: da212);;;;;;;;;
sw02-0224-fs210;A;B;;{D Well, } you sound like you're pretty well passed the worst of it as far as worrying about, - /;Well;;;;da213: turnTake;;;;;;;
sw02-0224-fs211;A;B;;;you sound like you're pretty well passed the worst of it as far as worrying about, - ;da214: inform;;;;;;;;;;
sw02-0224-fs212;A;B;;;worrying about, since they're both in school, you don't have to worry about;;;;;;da215: selfCorrection;;;;;
sw02-0224-fs213;A;B;;since they're both in school, you don't have to worry about a full-time person to take care of them.  <<Voices fading in and out.>> /;since they're both in school, you don't have to worry about a full-time person to take care of them  <<Voices fading in and out>> ;da216: inform;;;;;;;;;;
sw02-0224-fs214;B;A;;{F Oh, } you don't know what happens after they get in school. /;Oh;;;;da217: turnTake;da218: stalling;;;;;;
sw02-0224-fs215;B;A;;;you don't know what happens after they get in school ;da219: inform;;;;;;;;;;
sw02-0224-fs216;A;B;;<Laughter>  That's something altogether different, {F uh. } /;<Laughter> That's something altogether different;da220: inform;;;;;;;;;;
sw02-0224-fs217;A;B;;;uh;;;;;da221: stalling;;;;;;
sw02-0224-fs218;B;A;;{F Oh, } yes.  /;Oh;;;;da222: turnTake;da223: stalling;;;;;;
sw02-0224-fs219;B;A;;;yes;da224: agreement (Fu: da221);;;;;;;;;;
sw02-0224-fs220;B;A;;{D Now } we have, {F uh, } one takes piano lessons,;Now we have one takes piano lessons;da225: inform;;;;;;;;;;
sw02-0224-fs221;B;A;;;uh;;;;;da226: stalling;;;;;;
sw02-0224-fs222;A;B;;# Huh-uh.  # /; Huh-uh   ;;da227: autoPositive (Fe: da226);;;;;;;;;
sw02-0224-fs223;B;A;;# somewhere # on one afternoon  /; somewhere  on one afternoon  ;da228: inform;;;;;;;;;;
sw02-0224-fs224;B;A;;{C and } the other one, of course can't do the same thing. /;and;;;;da229: turnKeep {Elab:Specific da226};;;;;;;
sw02-0224-fs225;B;A;;;the other one, of course can't do the same thing;da230: inform;;;;;;;;;;
sw02-0224-fs226;A;B;;{F Oh, } of course not. /;Oh;;;;;da231: stalling;;;;;;
sw02-0224-fs227;A;B;;;of course not ;da232: agreement (Fu: da231);;;;;;;;;;
sw02-0224-fs228;B;A;;It has to be somewhere else  /;It has to be somewhere else  ;da233: inform;;;;;;;;;;
sw02-0224-fs229;B;A;;{C and } no  /;and  no  it's not adequate to sit and wait;da234: inform {Restatement: Arg2, da231};;;;;;;;;;
sw02-0224-fs230;A;B;;<Laughter>  You can't do that.  /;<Laughter>  You can't do that  ;da235: agreement (Fu: da235);;;;;;;;;;
sw02-0224-fs231;A;B;;No. /;No ;da236: agreement (Fu: da235);;;;;;;;;;
sw02-0224-fs232;B;A;;No. /;No ;da237: agreement (Fu: da236);;;;;;;;;;
sw02-0224-fs233;A;B;;No.  /;No  ;da238: agreement (Fu: da238);;;;;;;;;;
sw02-0224-fs234;A;B;;No. /;No ;da239: agreement (Fu: da239);;;;;;;;;;
sw02-0224-fs235;B;A;;That just, - /;That just, - ;;;;;;da240: retraction;;;;;
sw02-0224-fs236;B;A;;that will not do. /;that will not do ;da241: agreement (Fu: da236);;;;;;;;;;
sw02-0224-fs237;A;B;;That's out of the question,  /;That's out of the question,  ;da242: agreement (Fu: da242);;;;;;;;;;
sw02-0224-fs238;A;B;;I'm sure. /;I'm sure ;da243: agreement (Fu: da242);;;;;;;;;;
sw02-0224-fs239;B;A;;Of course. /;Of course ;da244: agreement (Fu: da243);;;;;;;;;;
sw02-0224-fs240;B;A;;{C But, }  we are helping, {D you know. } /;But;;;;da245: turnKeep;;;;;;;
sw02-0224-fs241;B;A;;;we are helping,  you know;da246: inform;;;;;;;;;;
sw02-0224-fs242;A;B;;Right.  /;Right  ;;da247: autoPositive (Fe: da247);;;;;;;;;
sw02-0224-fs243;A;B;;Right. /;Right ;;da248: autoPositive (Fe: da247);;;;;;;;;
sw02-0224-fs244;B;A;;We are being cooperative,  /;We are being cooperative,  ;da249: inform;;;;;;;;;;
sw02-0224-fs245;B;A;;what's wrong with you? /;what's wrong with you;da250: setQuestion {Restatement:Arg2 da247};;;;;;;;;;
sw02-0224-fs246;A;B;;Right.  /;Right  ;;da251: autoPositive (Fe: da251);;;;;;;;;
sw02-0224-fs247;A;B;;Right. /;Right ;;da252: autoPositive (Fe: da251);;;;;;;;;
sw02-0224-fs248;B;A;;You don't understand this. /;You don't understand this ;da253: inform;;;;;;;;;;
sw02-0224-fs249;A;B;;Huh-uh. /;Huh-uh ;;da254: autoPositive (Fe: da254);;;;;;;;;
sw02-0224-fs250;B;A;;That's just the way their minds work.  /;That's just the way their minds work  ;da255: inform;;;;;;;;;;
sw02-0224-fs251;B;A;;{C And } it's almost everyday. /;And;;;;da256: turnKeep;;;;;;;
sw02-0224-fs252;B;A;;;it's almost everyday ;da257: inform;;;;;;;;;;
sw02-0224-fs253;A;B;;That's amazing.  /;That's amazing  ;;da258: autoPositive (Fe: da258);;;;;;;;;
sw02-0224-fs254;A;B;;It's amazing that people actually, - /;It's amazing that people actually, - ;da259: inform;;;;;;;;;;
sw02-0224-fs255;A;B;;the stamina that you must, {D you know, } draw from yourself to deal with it.  /;the stamina that you must draw from yourself to deal with it ;da260: inform;;;;;;;;;;
sw02-0224-fs256;A;B;;;you know;;;;;da261: stalling;;;;;;
sw02-0224-fs257;A;B;;It must be interesting.  /;It must be interesting  ;da262: inform;;;;;;;;;;
sw02-0224-fs258;A;B;;I guess you find out that you're a much stronger person than you thought, maybe. /;I guess you find out that you're a much stronger person than you thought, maybe ;da263: inform [uncertain];;;;;;;;;;
sw02-0224-fs259;B;A;;{D Well, } I've been finding out that I really am a nice person.  /;Well;;;;da264: turnTake;;;;;;;
sw02-0224-fs260;B;A;;;I've been finding out that I really am a nice person;da265: inform;;;;;;;;;;
sw02-0224-fs261;B;A;;((   ))  hit for many years. -/;((   ))  hit for many years -;da266: inform {Similarity:Arg2 da264};;;;;;;;;;
sw02-0224-fs262;A;B;;<Laughter>.;<Laughter>;;da267: autoPositive (Fe: da267);;;;;;;;;
sw02-0224-fs263;B;A;;((   ))  {C because } I didn't need it. /;((   )) because  I didn't need it ;da268: inform;;;;;;;;;;
sw02-0224-fs264;A;B;; <Laughter>  Huh-uh. /; <Laughter>  Huh-uh ;;da269: autoPositive (Fe: da269) {Cause:Reason da267};;;;;;;;;
sw02-0224-fs265;B;A;;{C And } now, I need it. /;And;;;;da270: turnKeep;;;;;;;
sw02-0224-fs266;B;A;;;now, I need it;da271: inform;;;;;;;;;;
sw02-0224-fs267;A;B;;Now it's just a reservoir that you tend to regularly, I'm sure. /;Now it's just a reservoir that you tend to regularly, I'm sure ;da272: inform {Contrast:Arg2 da269};;;;;;;;;;
sw02-0224-fs268;B;A;;Yeah.  /;Yeah  ;;da273: autoPositive (Fe: da273) {Restatement:Arg2 da272};;;;;;;;;
sw02-0224-fs269;B;A;;{C And } it stays low a lot <laughter>. /;And;;;;da274: turnKeep;;;;;;;
sw02-0224-fs270;B;A;;;it stays low a lot <laughter>;da275: inform;;;;;;;;;;
sw02-0224-fs271;A;B;;<Laughter>.;<Laughter>;;da276: autoPositive (Fe: da276) {Elab:Specific da273};;;;;;;;;
sw02-0224-fs272;B;A;; <Laughter>.; <Laughter>;;da277: autoPositive (Fe: da277);;;;;;;;;
sw02-0224-fs273;A;B;;{D Well, } ;Well;;;;da278: turnTake;;;;;;;
sw02-0224-fs274;A;B;;do you feel comfortable, {F um, } with them coming home after school until you and your wife get home  /;do you feel comfortable with them coming home after school until you and your wife get home ;da279: propositionalQuestion;;;;;;;;;;
sw02-0224-fs275;A;B;;;um;;;;;da280: stalling;;;;;;
sw02-0224-fs276;B;A;;Absolutely not. /;Absolutely not ;da281: answer (Fu: da280);;;da282: turnGrab;;;;;;;
sw02-0224-fs277;A;B;;No.  /;No  ;;da283: autoPositive (Fe: da282);;;;;;;;;
sw02-0224-fs278;A;B;; Yeah. /;Yeah ;;da284: autoPositive (Fe: da282);;;;;;;;;
sw02-0224-fs279;B;A;;{E I mean, }  ((   ))  one of them [ I would, + I would ] leave unsupervised any time, any place, any where. /;I mean one of them I would leave unsupervised any time, any place, any where;da285: inform;;;;;;;;;;
sw02-0224-fs280;B;A;;;I would, I would;;;;;da286: stalling {Expand:Expander da282};;;;;;
sw02-0224-fs281;A;B;;Huh-uh. /;Huh-uh ;;da287: autoPositive (Fe: da286);;;;;;;;;
sw02-0224-fs282;B;A;;{F Uh, } the other one I wouldn't leave unsupervised two minutes. /;Uh;;;;;da288: stalling;;;;;;
sw02-0224-fs283;B;A;;;the other one I wouldn't leave unsupervised two minutes;da289: inform;;;;;;;;;;
sw02-0224-fs284;A;B;;Yeah.  /;Yeah  ;;da290: autoPositive (Fe: da290) {Contrast:Arg2 da286};;;;;;;;;
sw02-0224-fs285;A;B;;Yeah.  /;Yeah  ;;da291: autoPositive (Fe: da290);;;;;;;;;
sw02-0224-fs286;A;B;;That's just a difference in kids, I suppose. /;That's just a difference in kids, I suppose ;da292: inform;;;;;;;;;;
sw02-0224-fs287;B;A;;That's true. /;That's true ;;da293: autoPositive (Fe: da293) {Elab:Broad da286,, da290};;;;;;;;;
sw02-0224-fs288;A;B;;Yeah. /;Yeah ;;da294: autoPositive (Fe: da294);;;;;;;;;
sw02-0224-fs289;B;A;;one leads the other? /;one leads the other;da295: checkQuestion;;;;;;;;;;
sw02-0224-fs290;A;B;;Huh-uh,  /;Huh-uh,  ;da296: confirm (Fu: da296);;;;;;;;;;
sw02-0224-fs291;A;B;;yeah. /;yeah ;da297: confirm (Fu: da296);;;;;;;;;;
sw02-0224-fs292;B;A;;{C And, }  {F uh, } -/;And,  uh,  -;;;;da298: turnTake;da299: stalling;;;;;;
sw02-0224-fs293;A;B;;{C and } [ it's, + it's ] the one that's going downhill, - /;and;;;;da300: turnTake;;;;;;;
sw02-0224-fs294;A;B;;;it's, it's;;;;;da301: stalling;;;;;;
sw02-0224-fs295;A;B;;;it's the one that's going downhill,;da302: inform;;;;;;;;;;
sw02-0224-fs296;A;B;;[ is it, + is it ] the one that [ needs, + needs ] more supervision that has a bad influence on the older or more mature one? /;is it, is it;;;;;da303: stalling {Expand:Expander da298};;;;;;
sw02-0224-fs297;A;B;;;is it the one that needs more supervision that has a bad influence on the older or more mature one;da304: propositionalQuestion;;;;;;;;;;
sw02-0224-fs298;A;B;;;needs, needs;;;;;da305: stalling;;;;;;
sw02-0224-fs299;B;A;;Of course. /;Of course ;da306: answer (Fu: da305);;;;;;;;;;
sw02-0224-fs300;A;B;;Yeah <laughter>.  /;Yeah <laughter>  ;;da307: autoPositive (Fe: da307);;;;;;;;;
sw02-0224-fs301;A;B;;How unfortunate <laughter>. /;How unfortunate <laughter> ;da308: inform;;;;;;;;;;
sw02-0224-fs302;B;A;;[ You don't think, + you don't think ] that good prevails. /;You don't think, you don't think;;;;;da309: stalling;;;;;;
sw02-0224-fs303;B;A;;;You don't think that good prevails ;da310: checkQuestion;;;;;;;;;;
sw02-0224-fs304;A;B;;{D Well, } [ [ I, + I, ] + I'm ] living in a dream world,  /;Well;;;;da311: turnTake;;;;;;;
sw02-0224-fs305;A;B;;;I, I, I'm;;;;;da312: stalling;;;;;;
sw02-0224-fs306;A;B;;;I'm living in a dream world, ;da313: inform;;;;;;;;;;
sw02-0224-fs307;A;B;;what do I know.  /;what do I know  ;da314: inform;;;;;;;;;;
sw02-0224-fs308;A;B;;As I said, I don't have kids  /;As I said, I don't have kids  ;da315: inform {Expand:Expander da314};;;;;;;;;;
sw02-0224-fs309;A;B;;{C and } I'm an only child  /;and;;;;da316: turnKeep {Expand:Expander da315};;;;;;;
sw02-0224-fs310;A;B;;;I'm an only child ;da317: inform;;;;;;;;;;
sw02-0224-fs311;A;B;;{C so } I've never been around children.  /;so  I've never been around children  ;da318: inform {Expand:Expander da315};;;;;;;;;;
sw02-0224-fs312;A;B;;{C So, } {F uh, } I'm sort of at a loss where that's concerned.  /;So I'm sort of at a loss where that's concerned ;da319: inform {Elab:Broad da316,da318};;;;;;;;;;
sw02-0224-fs313;A;B;;;uh;;;;;da320: stalling {Cause:Result da319};;;;;;
sw02-0224-fs314;A;B;;{C But } I do hear my friends talk about it. /;But I do hear my friends talk about it ;da321: inform;;;;;;;;;;
sw02-0224-fs315;B;A;;[ We, + we're ] having such fun,  /;We, we're;;;;;da322: stalling {Contrast:Arg2 da320};;;;;;
sw02-0224-fs316;B;A;;;we're having such fun;da323: inform;;;;;;;;;;
sw02-0224-fs317;B;A;;my wife and I were both only children. /;my wife and I were both only children ;da324: inform;;;;;;;;;;
sw02-0224-fs318;A;B;;Huh-uh. /;Huh-uh ;;da325: autoPositive (Fe: da325);;;;;;;;;
sw02-0224-fs319;B;A;;{C And } we just couldn't wait to have two children so they would be such friends. /;And;;;;da326: turnKeep;;;;;;;
sw02-0224-fs320;B;A;;;we just couldn't wait to have two children so they would be such friends ;da327: inform;;;;;;;;;;
sw02-0224-fs321;A;B;;Yeah <laughter>. /;Yeah <laughter> ;;da328: autoPositive (Fe: da328) {Cause:Result da325};;;;;;;;;
sw02-0224-fs322;B;A;;Wrong. /;Wrong ;da329: inform;;;;;;;;;;
sw02-0224-fs323;A;B;;<Laughter>  That's like World War Three every minute <laughter>.  /;<Laughter>  That's like World War Three every minute <laughter>  ;da330: inform;;;;;;;;;;
sw02-0224-fs324;A;B;;I don't know  /;I don't know  ;;;;;da331: stalling {Expand:Expander da330};;;;;;
sw02-0224-fs325;A;B;;[ [ I, + I, ] + I ] have to admit, I was [ self-, + selfish ] as a child.  /;I, I, I;;;;;da332: stalling;;;;;;
sw02-0224-fs326;A;B;;;I have to admit, I was selfish as a child ;da333: inform;;;;;;;;;;
sw02-0224-fs327;A;B;;;self-, selfish;;;;;;da334: selfCorrection;;;;;
sw02-0224-fs328;A;B;;I didn't want a brother or sister.  /;I didn't want a brother or sister  ;da335: inform;;;;;;;;;;
sw02-0224-fs329;A;B;;{C And } now that I'm older, of course, it's different.  /;And;;;;da336: turnKeep {Cause:Result da334};;;;;;;
sw02-0224-fs330;A;B;;;now that I'm older, of course, it's different ;da337: inform;;;;;;;;;;
sw02-0224-fs331;A;B;;{D You know, } I think about, {F uh, } wouldn't it be nice,  /;You know;;;;;da338: stalling {Contrast:Arg2 da336};;;;;;
sw02-0224-fs332;A;B;;;I think about, wouldn't it be nice, ;da339: inform;;;;;;;;;;
sw02-0224-fs333;A;B;;;uh;;;;;da340: stalling;;;;;;
sw02-0224-fs334;A;B;;{C but, }  {F uh, } {D anyway. } -/; but, uh, anyway  -;;;;;da341: stalling;;;;;;
sw02-0224-fs335;B;A;;Just make good friends. /;Just make good friends ;da342: suggest;;;;;;;;;;
sw02-0224-fs336;A;B;;Yeah,  {F oh, }  /;Yeah, oh,   ;;da343: autoPositive (Fe: da343);;;;;;;;;
sw02-0224-fs337;A;B;;I have wonderful friends.  /;I have wonderful friends  ;da344: inform;;;;;;;;;;
sw02-0224-fs338;A;B;;That's true  /;That's true  ;;da345: autoPositive (Fe: da343);;;;;;;;;
sw02-0224-fs339;A;B;;my best friend is one child of ten.  /;my best friend is one child of ten  ;da346: inform;;;;;;;;;;
sw02-0224-fs340;A;B;;{C And so } they just sort of, {D you know, } adopted me as their eleventh child  /;And so;;;;da347: turnKeep {Expand:Expander da345};;;;;;;
sw02-0224-fs341;A;B;;;they just sort of adopted me as their eleventh child ;da348: inform;;;;;;;;;;
sw02-0224-fs342;A;B;;;you know;;;;;da349: stalling {Expand:Expander da347};;;;;;
sw02-0224-fs343;A;B;;{C so } that worked out pretty well.  /;so that worked out pretty well  ;da350: inform;;;;;;;;;;
sw02-0224-fs344;A;B;;She never had to worry about taking anybody to child care because there was always somebody there older to deal with them,  /;She never had to worry about taking anybody to child care because there was always somebody there older to deal with them,  ;da351: inform {Eval:Judgment da349};;;;;;;;;;
sw02-0224-fs345;A;B;;{C so } I guess, that's an alternative.  /;so I guess, that's an alternative  ;da352: inform;;;;;;;;;;
sw02-0224-fs346;A;B;;If you could just, {F um, };If you could just, have a whole bunch <laughter>;da353: inform {Eval:Judgment da352};;;;;;;;;;
sw02-0224-fs347;A;B;;;um;;;;;da354: stalling;;;;;;
sw02-0224-fs348;B;A;;# Have enough.  # /;Have enough   ;;;;;;;da355: completion (Fe: da354);;;;
sw02-0224-fs349;B;A;;<Laughter>.;<Laughter>;;da356: autoPositive (Fe: da354);;;;;;;;;
sw02-0224-fs350;A;B;;By the time the youngest ones are there, you'll have older one to take care of them. /;By the time the youngest ones are there, you'll have older one to take care of them ;da357: inform;;;;;;;;;;
sw02-0224-fs351;B;A;;That's true. /;That's true ;;da358: autoPositive (Fe: da358) {Condition:Consequent da354};;;;;;;;;
sw02-0224-fs352;A;B;;I don't know.  /;I don't know  ;;;;;da359: stalling;;;;;;
sw02-0224-fs353;A;B;;When you see all these horror stories on television about child care  /;When you see all these horror stories on television about child care  ;da360: inform;;;;;;;;;;
sw02-0224-fs354;A;B;;{C and, }  gosh,  /;and;;;;da361: turnKeep;;;;;;;
sw02-0224-fs355;A;B;;;gosh;da362: inform;;;;;;;;;;
sw02-0224-fs356;A;B;;I was seeing something on the television earlier about a little girl that's been telling her mother these terrible stories  /;I was seeing something on the television earlier about a little girl that's been telling her mother these terrible stories  ;da363: inform {Eval:Judgment da361};;;;;;;;;;
sw02-0224-fs357;A;B;;{C and } of course people are denying it.  /;and;;;;da364: turnKeep {Exemp:Instance da361};;;;;;;
sw02-0224-fs358;A;B;;;of course people are denying it ;da365: inform;;;;;;;;;;
sw02-0224-fs359;A;B;;{C And, }  {F uh, } it's just frightening.  /;And;;;;da366: turnKeep;;;;;;;
sw02-0224-fs360;A;B;;;uh;;;;;da367: stalling;;;;;;
sw02-0224-fs361;A;B;;;it's just frightening ;da368: inform;;;;;;;;;;
sw02-0224-fs362;A;B;;It really is. /;It really is ;da369: inform [certain] {Restatement:Arg2 da361};;;;;;;;;;
sw02-0224-fs363;B;A;;{D Well, } [ what, + what's ] frightening is a parent to see things [ that, + that ] you don't really don't understand. /;Well;;;;da370: turnTake;;;;;;;
sw02-0224-fs364;B;A;;;what, what's;;;;;da371: stalling;;;;;;
sw02-0224-fs365;B;A;;;what's frightening is a parent to see things that you don't really don't understand;da372: inform;;;;;;;;;;
sw02-0224-fs366;B;A;;;that, that;;;;;da373: stalling;;;;;;
sw02-0224-fs367;A;B;;Huh-uh.  /;Huh-uh  ;;da374: autoPositive (Fe: da373);;;;;;;;;
sw02-0224-fs368;A;B;;Huh-uh. /;Huh-uh ;;da375: autoPositive (Fe: da373);;;;;;;;;
sw02-0224-fs369;B;A;;{C And then } you don't really know what happened. /;And then  you don't really know what happened ;da376: inform;;;;;;;;;;
sw02-0224-fs370;A;B;;Yeah. /;Yeah ;;da377: autoPositive (Fe: da377) {Cause:Result da373};;;;;;;;;
sw02-0224-fs371;B;A;;We gave up on one baby sitter because we came home one night and found pieces of, {F um, } [ ribbon, +;We gave up on one baby sitter because we came home one night and found pieces of ribbon;da378: inform;;;;;;;;;;
sw02-0224-fs372;B;A;;;um;;;;;da379: stalling {Exemp:Instance da373};;;;;;
sw02-0224-fs373;A;B;;Huh-uh. /;Huh-uh ;;da380: autoPositive (Fe: da379);;;;;;;;;
sw02-0224-fs374;B;A;;{D you know, } hair ribbon ] --;you know;;;;;da381: stalling;;;;;;
sw02-0224-fs375;B;A;;;hair ribbon;da382: inform;;;;;;;;;;
sw02-0224-fs376;A;B;;Huh-uh. /;Huh-uh ;;da383: autoPositive (Fe: da383) {Elab:Specific da379};;;;;;;;;
sw02-0224-fs377;B;A;; -- tied in a chair. Where obviously she [ had, + had, ] -/; -- tied in a chair;da384: inform;;;;;;;;;;
sw02-0224-fs378;B;A;;;where obviously she;da385: inform {Expand:Expander da379};;;;;;;;;;
sw02-0224-fs379;B;A;;;had, had;;;;;da386: stalling {Expand:Expander da379};;;;;;